MVP_variant	group	rsid	BETA_eur	P_eur	A1	BETA_afr	P_afr	BETA_his	P_his	metal	FREQ_eur	FREQ_afr	FREQ_his	afr_diff	his_diff	phewas_eur	phewas_afr	phewas_his	labwas_eur	labwas_afr	labwas_his	VEP SYMBOL_x	chr	bp	VEP SYMBOL_y
1:27180088:A:C	eur	rs75460349	-0.0949694	4.16038e-09	C	-0.13610799999999998	0.0821469	-0.0960405	0.135746	yes	0.0221896 (C)	0.00361111 (C)	0.0108766 (C)	0	0	Diabetic retinopathy,Disorders of lipoid metabolism,Hyperlipidemia,Mixed hyperlipidemia,Gout and other crystal arthropathies,Gout,Hearing loss,Sensorineural hearing loss,Hypertension,Essential hypertension			hdlc_mean,mchc_mean,alt_mean,trig_mean,chloride_bsp_mean,glucose_mean,lymph_fra_mean,neut_fra_mean,creat_bsp_mean,baso_fra_mean,lymph_abs_mean,mg_bsp_mean,egfr_mean,glucose_fs_mean,bicarbonate_mean			PIGV,NR0B2,C1orf172,NUDC,ARID1A,SFN,GPATCH3,GPN2,ZDHHC18,RP1-50O24.6,RN7SL165P,RN7SL501P,KDF1,-	1	27180088	PIGV,NR0B2,C1orf172,NUDC,ARID1A,SFN,GPATCH3,GPN2,ZDHHC18,RP1-50O24.6,RN7SL165P,RN7SL501P,KDF1,-
1:40035928:G:T	eur	rs3768321	-0.0388219	2.4245e-09	T	-0.0356563	0.202959	-0.00597671	0.7900010000000001	yes	0.180765 (T)	0.0306778 (T)	0.107483 (T)	0	0	Melanomas of skin, dx or hx,Other non-epithelial cancer of skin,Skin cancer,Diabetes mellitus,Type 1 diabetes,Type 2 diabetes,Type 2 diabetes with renal manifestations,Type 2 diabetes with ophthalmic manifestations,Type 2 diabetes with neurological manifestations,Insulin pump user,Abnormal glucose,Polyneuropathy in diabetes,Diabetic retinopathy,Hyperpotassemia,Sleep apnea,Obstructive sleep apnea,Hypertension,Essential hypertension,Congestive heart failure nonhypertensive,Angina pectoris,Nonspecific chest pain,Heart failure with preserved EF [Diastolic heart failure],Chronic venous insufficiency [CVI],Congestive heart failure (CHF) NOS,Seborrheic keratosis,Edema			rdw_mean,glucose_mean,calcium_mg_mean,mcv_mean,hdlc_mean,total_iron_mean,ast_mean,hemoglobin_mean,ferritin_mean,pt_mean,trig_mean,totchol_mean,mch_mean,potas_bsp_mean,mchc_mean,glucose_fs_mean,egfr_mean,inr_mean,rbc_mean,creat_bsp_mean,albumin_mean,a1c_mean	glucose_mean,hdlc_mean,trig_mean	hdlc_mean	NT5C1A,MACF1,BMP8A,RP11-69E11.4,SNORA55,HEYL,PABPC4,RP11-69E11.8,RP1-144F13.3,PPIEL,OXCT2P1,LOC101929516	1	40035928	NT5C1A,MACF1,BMP8A,RP11-69E11.4,SNORA55,HEYL,PABPC4,RP11-69E11.8,RP1-144F13.3,PPIEL,OXCT2P1,LOC101929516
10:64887856:C:T	his	rs10822143	-0.0676262	3.91114e-42	C	-0.0660548	4.51117e-11	-0.0994587	6.42598e-12	yes	0.501305 (T)	0.330889 (T)	0.347161 (T)	0	0	Anterior pituitary disorders,Testicular dysfunction,Testicular hypofunction,Delay in sexual development and puberty NEC,Hyperglyceridemia,Gout and other crystal arthropathies,Gout,Encounter for long-term (current) use of anticoagulants,Purpura and other hemorrhagic conditions,Thrombocytopenia,Polycythemia, secondary,Open-angle glaucoma,Other disorders of eyelids,Hypertension,Atrial flutter,Essential hypertension,Atrial fibrillation and flutter,Atrial fibrillation,Other aneurysm,Gross hematuria			wbc_mean,tsat_mean,pt_mean,inr_mean,ast_mean,baso_fra_mean,creat_bsp_mean,trig_mean,bun_bsp_mean,neut_fra_mean,lymph_fra_mean,rdw_mean,platelet_mean,calcium_mg_mean,neut_abs_mean,ldlc_mean,mpv_mean,mch_mean,eos_fra_mean,albumin_mean,mchc_mean	mpv_mean,albumin_mean,inr_mean,platelet_mean,trig_mean,mchc_mean	inr_mean	NRBF2,JMJD1C,RNU6-543P,TATDN1P1,RP11-144G16.1	10	64887856	NRBF2,JMJD1C,RNU6-543P,TATDN1P1,RP11-144G16.1
10:65065272:C:CCTCT	afr	rs762105735	0.0722951	1.5330699999999999e-44	CCTCT	0.08148580000000001	3.16647e-14	0.079377	9.641010000000002e-08	yes	0.45793599999999995 (CCTCT)	0.287042 (CCTCT)	0.336312 (CCTCT)	0	0	Testicular dysfunction,Testicular hypofunction,Hyperglyceridemia,Gout and other crystal arthropathies,Gout,Encounter for long-term (current) use of anticoagulants,Other and unspecified coagulation defects,Purpura and other hemorrhagic conditions,Thrombocytopenia,Hypertension,Atrial flutter,Essential hypertension,Cardiac dysrhythmias,Atrial fibrillation and flutter,Atrial fibrillation,Other aneurysm			wbc_mean,tsat_mean,pt_mean,inr_mean,rbc_mean,ast_mean,baso_fra_mean,trig_mean,bun_bsp_mean,neut_fra_mean,lymph_fra_mean,rdw_mean,platelet_mean,calcium_mg_mean,neut_abs_mean,ldlc_mean,mpv_mean,mch_mean,mcv_mean,albumin_mean,mchc_mean	mpv_mean,albumin_mean,inr_mean,platelet_mean,trig_mean,mchc_mean	inr_mean		10	65065272	
10:65224200:G:GA	eur	rs397706821	0.0763152	3.35386e-55	GA	0.06565139999999997	1.6182700000000002e-10	0.0940477	6.34566e-11	yes	0.46072700000000005 (GA)	0.29239299999999996 (GA)	0.3189 (GA)	0	0	Anterior pituitary disorders,Testicular dysfunction,Testicular hypofunction,Hyperglyceridemia,Gout and other crystal arthropathies,Gout,Encounter for long-term (current) use of anticoagulants,Other and unspecified coagulation defects,Purpura and other hemorrhagic conditions,Thrombocytopenia,Hypertension,Atrial flutter,Essential hypertension,Atrial fibrillation and flutter,Aortic aneurysm,Atrial fibrillation,Other aneurysm			wbc_mean,tsat_mean,pt_mean,inr_mean,rbc_mean,ast_mean,baso_fra_mean,creat_bsp_mean,trig_mean,bun_bsp_mean,neut_fra_mean,lymph_fra_mean,rdw_mean,platelet_mean,calcium_mg_mean,neut_abs_mean,glucose_mean,bicarbonate_mean,ldlc_mean,mpv_mean,mch_mean,eos_fra_mean,mcv_mean,albumin_mean,mchc_mean	mpv_mean,albumin_mean,inr_mean,platelet_mean,trig_mean,mchc_mean	inr_mean		10	65224200	
12:2908330:C:A	eur	rs56196860	0.185581	1.7099399999999999e-43	A	0.171833	0.00331975	0.138896	0.000971561	yes	0.0320615 (A)	0.00613876 (A)	0.0250571 (A)	0	0	Testicular dysfunction,Testicular hypofunction,Other chronic ischemic heart disease, unspecified,Other signs and symptoms in breast,Elevated prostate specific antigen [PSA]			baso_fra_mean,hemoglobin_mean,alt_mean,ast_mean,hct_mean,sodium_bsp_mean,trig_mean,psa_mean,hdlc_mean,rbc_mean,wbc_mean,creat_bsp_mean,egfr_mean,bun_bsp_mean,chloride_bsp_mean			FKBP4,ITFG2,NRIP2,FOXM1,RHNO1,AC005841.1,TULP3,Y_RNA,RP4-816N1.1,RP11-885B4.2,RP11-986G18.1,CBX3P4,RP11-885B4.1,RP4-816N1.7,RP4-816N1.6,TEX52,LOC283440	12	2908330	FKBP4,ITFG2,NRIP2,FOXM1,RHNO1,AC005841.1,TULP3,Y_RNA,RP4-816N1.1,RP11-885B4.2,RP11-986G18.1,CBX3P4,RP11-885B4.1,RP4-816N1.7,RP4-816N1.6,TEX52,LOC283440
12:21331549:T:C	eur	rs4149056	-0.0436667	1.5156e-11	C	-0.0336515	0.204512	-0.0369123	0.0605808	yes	0.15629 (C)	0.0305589 (C)	0.124171 (C)	0	0	Testicular dysfunction,Testicular hypofunction,Hyperglyceridemia,Gout and other crystal arthropathies,Gout,Disorders of bilirubin excretion,Other aneurysm,Jaundice (not of newborn)			alt_mean,hdlc_mean,ldlc_mean,mch_mean,albumin_mean,iron_mean,trig_mean,rdw_mean,sodium_bsp_mean,mchc_mean,neut_fra_mean,chloride_bsp_mean,mcv_mean,hemoglobin_mean,inr_mean,totchol_mean			SLCO1B1,SLCO1A2,LST3,SLCO1B7,RP11-125O5.2,SLCO1B3,SLCO1B3-SLCO1B7	12	21331549	SLCO1B1,SLCO1A2,LST3,SLCO1B7,RP11-125O5.2,SLCO1B3,SLCO1B3-SLCO1B7
12:121416622:C:G	eur	rs1169289	-0.035595	3.496570000000001e-13	G	-0.0190312	0.061164	-0.0006692660000000001	0.960251	yes	0.441399 (G)	0.317652 (G)	0.44657700000000006 (G)	0	0	Disorders of lipoid metabolism,Hyperlipidemia,Ischemic Heart Disease,Primary/intrinsic cardiomyopathies,Myocardial infarction,Coronary atherosclerosis,Other chronic ischemic heart disease, unspecified,Abnormal results of function study of liver,Other abnormal blood chemistry			bun_bsp_mean,crp_l_mean,calcium_mg_mean,chloride_bsp_mean,hdlc_mean,sodium_bsp_mean,platelet_mean,eos_abs_mean,bicarbonate_mean,wbc_mean,crp_dl_mean,ldlc_mean,totchol_mean,glucose_mean		bun_bsp_mean	HNF1A,OASL,C12orf43,SPPL3,CLIC1P1,HNF1A-AS1,RPL12P33,AC079602.1,RP11-216P16.2,XLOC_009911,-	12	121416622	HNF1A,OASL,C12orf43,SPPL3,CLIC1P1,HNF1A-AS1,RPL12P33,AC079602.1,RP11-216P16.2,XLOC_009911,-
14:94838142:G:T	eur	rs112635299	0.236066	1.20601e-40	T	0.0971201	0.222928	0.0936578	0.331057	yes	0.0184389 (T)	0.00329047 (T)	0.00460763 (T)	0	0	Cancer of prostate,Testicular dysfunction,Testicular hypofunction,Disorders of protein plasma/amino-acid transport and metabolism,Disorders of plasma protein metabolism,Alpha-1-antitrypsin deficiency,Gout and other crystal arthropathies,Gout,Hereditary hemochromatosis,Hypercalcemia,Other deficiencies of circulating enzymes,Iron deficiency anemias,Iron deficiency anemias, unspecified or not due to blood loss,Other anemias,Acquired coagulation factor deficiency,Alcoholic liver damage,Other peripheral nerve disorders,Macular degeneration, dry,Macular degeneration (senile) of retina NOS,Hearing loss,Sensorineural hearing loss,Tinnitus,Ischemic Heart Disease,Pulmonary heart disease,Acute pulmonary heart disease,Coronary atherosclerosis,Occlusion and stenosis of precerebral arteries,Atherosclerosis,Atherosclerosis of native arteries of the extremities with intermittent claudication,Emphysema,Other venous embolism and thrombosis,Chronic airway obstruction,Obstructive chronic bronchitis,Other chronic ischemic heart disease, unspecified,Pulmonary embolism and infarction, acute,Atherosclerosis of the extremities,Chronic obstructive asthma,Bronchiectasis,Dependence on respirator [Ventilator] or supplemental oxygen,Lung transplant,Other dyspnea,Esophageal bleeding (varices/hemorrhage),Peritonitis and retroperitoneal infections,Chronic liver disease and cirrhosis,Other chronic nonalcoholic liver disease,Cirrhosis of liver without mention of alcohol,Liver abscess and sequelae of chronic liver disease,Portal hypertension,Ascites (non malignant),Other disorders of liver,Liver replaced by transplant,Hepatomegaly,Nonspecific elevation of levels of transaminase or lactic acid dehydrogenase [LDH],Abnormal results of function study of liver,Abnormal serum enzyme levels,Cholelithiasis and cholecystitis,Cholelithiasis,Acute pancreatitis,Spinal stenosis,Osteoporosis,Osteoporosis NOS,Spinal stenosis of lumbar region,Spondylosis and allied disorders,Osteoporosis, osteopenia and pathological fracture,Elevated prostate specific antigen [PSA]	Jaundice (not of newborn)		calcium_mg_mean,ferritin_mean,platelet_mean,alt_mean,baso_abs_mean,lymph_abs_mean,ldlc_mean,totchol_mean,tsat_mean,psa_mean,ast_mean,rbc_mean,mono_abs_mean,bun_bsp_mean,wbc_mean,hct_mean,mch_mean,total_iron_mean,albumin_mean,mcv_mean,inr_mean,chloride_bsp_mean,iron_mean,eos_abs_mean,calcium_mmol_mean,hemoglobin_mean,neut_abs_mean,a1c_mean,bicarbonate_mean	calcium_mg_mean,ast_mean,psa_mean,alt_mean,albumin_mean	albumin_mean,alt_mean	SERPINA10,SERPINA9,PPP4R4,SERPINA11,SERPINA6,SERPINA1,RP11-349I1.2,SERPINA2P,SERPINA2	14	94838142	SERPINA10,SERPINA9,PPP4R4,SERPINA11,SERPINA6,SERPINA1,RP11-349I1.2,SERPINA2P,SERPINA2
15:53739426:A:C	eur	rs79391862	-0.13500299999999998	1.50694e-09	C	-0.143773	0.147583	-0.231467	0.0401237	yes	0.0125949 (C)	0.00251711 (C)	0.00374838 (C)	0	0				mono_fra_mean,creat_bsp_mean,albumin_mean,ldlc_mean,totchol_mean,egfr_mean			WDR72,-	15	53739426	WDR72,-
15:96708291:T:C	eur	rs8023580	0.036606900000000005	2.21698e-12	C	0.026441500000000003	0.0122201	0.0562716	5.92435e-05	yes	0.285647 (C)	0.24532199999999998 (C)	0.316287 (C)	0	0	Testicular dysfunction,Testicular hypofunction			bun_bsp_mean,mg_bsp_mean			RP11-327J17.2,RP11-327J17.1,NR2F2-AS1,LOC105369212,-	15	96708291	RP11-327J17.2,RP11-327J17.1,NR2F2-AS1,LOC105369212,-
16:28868695:G:A	eur	rs62037364	-0.0283307	6.64083e-09	A	-0.0480927	3.12122e-06	-0.030747500000000007	0.021668700000000003	yes	0.39502600000000004 (A)	0.26376900000000003 (A)	0.421729 (A)	0	0	Diabetes mellitus,Type 2 diabetes,Type 2 diabetes with renal manifestations,Testicular dysfunction,Testicular hypofunction,Gout,Overweight, obesity and other hyperalimentation,Obesity,Morbid obesity,Migraine,Glaucoma,Urinary calculus,Calculus of kidney,Actinic keratosis,Edema	Overweight, obesity and other hyperalimentation,Obesity		hct_mean,esr_mean,albumin_mean,eos_abs_mean,mpv_mean,totchol_mean,mchc_mean,sodium_bsp_mean,mcv_mean,mg_bsp_mean,rdw_mean,totalck_mean,hemoglobin_mean,a1c_mean,glucose_mean,rbc_mean,bicarbonate_mean,potas_bsp_mean,mch_mean,hdlc_mean	platelet_mean,mchc_mean		TUFM,NFATC2IP,SH2B1,CD19,ATXN2L,ATP2A1,RABEP2,NPIPB9,snoU13,RP11-1348G14.1,RP11-1348G14.4,SNORA43,RP11-22P6.3,RP11-24N18.1,RP11-22P6.2,RP11-264B17.2,RP11-1348G14.5,MIR4721,ATP2A1-AS1	16	28868695	TUFM,NFATC2IP,SH2B1,CD19,ATXN2L,ATP2A1,RABEP2,NPIPB9,snoU13,RP11-1348G14.1,RP11-1348G14.4,SNORA43,RP11-22P6.3,RP11-24N18.1,RP11-22P6.2,RP11-264B17.2,RP11-1348G14.5,MIR4721,ATP2A1-AS1
16:53800954:T:C	eur	rs1421085	-0.0377514	3.3026699999999997e-15	C	-0.0406231	0.00818567	-0.00877498	0.561142	yes	0.407773 (C)	0.097346 (C)	0.261112 (C)	0	0	Dermatophytosis / Dermatomycosis,Althete's foot,Cancer of other female genital organs (excluding uterus and ovary),Dermatophytosis,Dermatophytosis of nail,Benign neoplasm of colon,Secondary diabetes mellitus,Diabetes mellitus,Type 1 diabetes,Type 1 diabetes with ophthalmic manifestations,Type 1 diabetes with neurological manifestations,Type 2 diabetes,Type 2 diabetes with renal manifestations,Type 2 diabetes with ophthalmic manifestations,Type 2 diabetes with neurological manifestations,Diabetes type 2 with peripheral circulatory disorders,Insulin pump user,Polyneuropathy in diabetes,Diabetic retinopathy,Proteinuria,Disorders of lipoid metabolism,Hyperlipidemia,Gout,Disorders of magnesium metabolism,Hyperpotassemia,Fluid overload,Other disorders of metabolism,Dysmetabolic syndrome X,Overweight, obesity and other hyperalimentation,Obesity,Morbid obesity,Abnormal weight gain,Iron deficiency anemias,Iron deficiency anemias, unspecified or not due to blood loss,Iron deficiency anemia secondary to blood loss (chronic),Other anemias,Anemia of chronic disease,Anemia in chronic kidney disease,Encounter for long-term (current) use of anticoagulants,Abnormal coagulation profile,Suicidal ideation,Substance addiction and disorders,Alcohol-related disorders,Alcoholism,Sleep apnea,Central/nonobstroctive sleep apnea,Obstructive sleep apnea,Abnormal movement,Abnormality of gait,Other peripheral nerve disorders,Hereditary and idiopathic peripheral neuropathy,Other retinal disorders,Degeneration of macula and posterior pole of retina,Macular puckering of retina,Other nondiabetic retinopathy,Cataract,Senile cataract,Disorders of refraction and accommodation blindness and low vision,Astigmatism,Dry eyes,Heart valve disorders,Nonrheumatic aortic valve disorders,Hypertensive chronic kidney disease,Ischemic Heart Disease,Pulmonary heart disease,Hypertension,Chronic pulmonary heart disease,Cardiomegaly,Primary/intrinsic cardiomyopathies,Bundle branch block,Atrial flutter,Hypertensive heart and/or renal disease,Hypertensive heart disease,Myocardial infarction,Essential hypertension,Coronary atherosclerosis,Ill-defined descriptions and complications of heart disease,Cardiac defibrillator in situ,Cardiac dysrhythmias,Atrial fibrillation and flutter,Congestive heart failure nonhypertensive,Atherosclerosis of native arteries of the extremities with ulceration or gangrene,Peripheral angiopathy in diseases classified elsewhere,Angina pectoris,Peripheral vascular disease, unspecified,Cardiomyopathy,Cardiac conduction disorders,Atrioventricular [AV] block,Abnormal electrocardiogram [ECG] [EKG],Atrial fibrillation,Heart failure with reduced EF [Systolic or combined heart failure],Heart failure with preserved EF [Diastolic heart failure],Varicose veins of lower extremity,Varicose veins of lower extremity, symptomtic,Hypotension NOS,Circulatory disease NEC,Atherosclerosis,Other venous embolism and thrombosis,Chronic venous insufficiency [CVI],Other disorders of circulatory system,Chronic venous hypertension,Varicose veins,Other chronic ischemic heart disease, unspecified,Other forms of chronic heart disease,Congestive heart failure (CHF) NOS,Heart failure NOS,Atherosclerosis of the extremities,Peripheral vascular disease,Noninfectious disorders of lymphatic channels,Respiratory failure, insufficiency, arrest,Other dyspnea,Hypoventilation,Bariatric surgery,Inguinal hernia,Diverticulosis and diverticulitis,Diverticulosis,Other chronic nonalcoholic liver disease,Nephritis nephrosis renal sclerosis,Nephritis and nephropathy without mention of glomerulonephritis,Nephritis and nephropathy in diseases classified elsewhere,Renal failure,Acute renal failure,Renal failure NOS,Chronic renal failure [CKD],End stage renal disease,Chronic Kidney Disease, Stage III,Chronic Kidney Disease, Stage IV,Other disorders of the kidney and ureters,Disorders resulting from impaired renal function,Renal osteodystrophy,Secondary hyperparathyroidism (of renal origin),Urinary tract infection,Redundant prepuce and phimosis/BXO,Superficial cellulitis and abscess,Cellulitis and abscess of fingers/toes,Cellulitis and abscess of leg, except foot,Cellulitis and abscess of foot, toe,Cellulitis and abscess of trunk,Other specified erythematous conditions,Psoriasis and related disorders,Psoriasis,Psoriasis vulgaris,Other hypertrophic and atrophic conditions of skin,Keratoderma, acquired,Diseases of nail, NOS,Chronic ulcer of leg or foot,Chronic ulcer of unspecified site,Corns and callosities,Ingrowing nail,Acquired foot deformities,Flat foot,Hammer toe (acquired),Decubitus ulcer,Osteomyelitis, periostitis, and other infections involving bone,Osteoarthrosis NOS,Symptoms and disorders of the joints,Osteoarthrosis,Acquired toe deformities,Swelling of limb,Edema,Pain in joint,Other abnormal blood chemistry,Congenital deformities of feet,Muscle weakness,Gangrene,Chronic ulcer of skin,Osteomyelitis,Acute osteomyelitis,Chronic osteomyelitis,Unspecified osteomyelitis,Arthropathy associated with other disorders classified elsewhere,Arthropathy associated with neurological disorders,Calcaneal spur Exostosis NOS,Hallux valgus (Bunion),Osteoarthritis localized,Osteoarthrosis, localized, primary,Difficulty in walking,Congenital anomalies of limbs,Septicemia,Bacteremia,Bacterial infection NOS,Staphylococcus infections,Streptococcus infection,Open wounds of extremities,Open wound of foot except toe(s) alone,Open wound of toe(s),Blister,Sepsis and SIRS	Diabetes mellitus,Type 2 diabetes,Type 2 diabetes with neurological manifestations,Diabetic retinopathy,Overweight, obesity and other hyperalimentation,Obesity,Morbid obesity,Sleep apnea,Obstructive sleep apnea,Infections of genitourinary tract during pregnancy	Diabetes mellitus,Type 2 diabetes,Type 2 diabetes with renal manifestations,Type 2 diabetes with neurological manifestations,Overweight, obesity and other hyperalimentation,Obesity,Morbid obesity,Sleep apnea,Obstructive sleep apnea,Hypertension,Essential hypertension	ast_mean,neut_abs_mean,bicarbonate_mean,iron_mean,hemoglobin_mean,pt_mean,a1c_mean,mchc_mean,glucose_mean,egfr_mean,wbc_mean,hdlc_mean,creat_bsp_mean,alt_mean,bun_bsp_mean,tsat_mean,totchol_mean,ckmb_abs_mean,mch_mean,psa_mean,albumin_mean,inr_mean,mg_bsp_mean,probnp_mean,mcv_mean,neut_fra_mean,hct_mean,eos_abs_mean,glucose_fasting_mean,rdw_mean,ferritin_mean,esr_mean,ldlc_mean,trig_mean,totalck_mean,lymph_fra_mean,crp_dl_mean,glucose_fs_mean	wbc_mean,totchol_mean,albumin_mean,a1c_mean,hdlc_mean,mcv_mean,mch_mean,hemoglobin_mean,glucose_mean,calcium_mg_mean	a1c_mean,glucose_mean	RPGRIP1L,FTO,-	16	53800954	RPGRIP1L,FTO,-
16:78251931:C:T	eur	rs79314905	0.101981	7.42598e-08	T	0.00785864	0.929113	-0.0703932	0.34622600000000003	no	0.018721599999999998 (T)	0.0032040999999999997 (T)	0.00901584 (T)	0	1		Acquired coagulation factor deficiency					WWOX,RP11-190D6.2	16	78251931	WWOX,RP11-190D6.2
17:1653091:G:A	eur	rs3976	0.0357263	9.55616e-10	A	0.052771000000000005	1.34333e-06	0.0223449	0.145785	yes	0.22040700000000002 (A)	0.234017 (A)	0.259153 (A)	0	0	Disorders of lipoid metabolism,Hyperlipidemia,Edema			trig_mean,hemoglobin_mean,totchol_mean,calcium_mg_mean,hct_mean,albumin_mean,rbc_mean	total_iron_mean,calcium_mg_mean,trig_mean,albumin_mean	albumin_mean,calcium_mg_mean	RPA1,SERPINF1,RILP,PRPF8,SMYD4,WDR81,SERPINF2,TLCD2,MIR22HG,RP11-961A15.1,AC130689.1,MIR22	17	1653091	RPA1,SERPINF1,RILP,PRPF8,SMYD4,WDR81,SERPINF2,TLCD2,MIR22HG,RP11-961A15.1,AC130689.1,MIR22
17:7329785:C:T	eur	rs141473851	-0.996521	2.59177e-19	T	-0.358168	0.249472	-0.870654	0.132456	yes	0.000942777 (T)	0.0006361369999999999 (T)	0.00033138199999999997 (T)	0	0	Testicular dysfunction,Testicular hypofunction	Premature menopause and other ovarian failure,Poisoning by hormones and synthetic substitutes	Congenital anomalies of esophagus	trig_mean,mch_mean			ACAP1,FGF11,TMEM256,NLGN2,CHRNB1,ZBTB4,TNK1,NEURL4,POLR2A,TMEM102,SPEM1,TMEM256-PLSCR3,TMEM95,KCTD11,C17orf74,SLC35G6,AC026954.6,RP11-104H15.9,C17orf61-PLSCR3,RP11-542C16.1,RP11-104H15.7,RP11-104H15.10,RP11-104H15.8,PLSCR3,SPEM3	17	7329785	ACAP1,FGF11,TMEM256,NLGN2,CHRNB1,ZBTB4,TNK1,NEURL4,POLR2A,TMEM102,SPEM1,TMEM256-PLSCR3,TMEM95,KCTD11,C17orf74,SLC35G6,AC026954.6,RP11-104H15.9,C17orf61-PLSCR3,RP11-542C16.1,RP11-104H15.7,RP11-104H15.10,RP11-104H15.8,PLSCR3,SPEM3
17:7412675:T:A	eur	rs188272638	0.604791	2.65131e-10	A	-0.693106	0.100567	0.387677	0.283325	yes	0.002704 (A)	0.000520143 (A)	0.00115257 (A)	1	0	Obesity,Premenstrual tension syndromes						SOX15,CD68,FXR2,MPDU1,TNFSF12,TNFSF12-TNFSF13,FGF11,EIF4A1,NLGN2,CHRNB1,ZBTB4,SENP3,POLR2A,TMEM102,SPEM1,C17orf74,TNFSF13,Y_RNA,SNORA67,SNORA48,SLC35G6,AC113189.5,SNORD10,RP11-104H15.9,RP11-104H15.7,RP11-104H15.10,RP11-104H15.8,SENP3-EIF4A1,LOC100996842,SPEM3	17	7412675	SOX15,CD68,FXR2,MPDU1,TNFSF12,TNFSF12-TNFSF13,FGF11,EIF4A1,NLGN2,CHRNB1,ZBTB4,SENP3,POLR2A,TMEM102,SPEM1,C17orf74,TNFSF13,Y_RNA,SNORA67,SNORA48,SLC35G6,AC113189.5,SNORD10,RP11-104H15.9,RP11-104H15.7,RP11-104H15.10,RP11-104H15.8,SENP3-EIF4A1,LOC100996842,SPEM3
17:7531252:T:TC	afr	rs397727567	0.00188422	0.722407	TC	0.113881	8.356809999999999e-29	0.0326812	0.019394	yes	0.308489 (TC)	0.35791 (TC)	0.471037 (TC)	0	0		Testicular dysfunction,Testicular hypofunction		rdw_mean,eos_fra_mean,hdlc_mean,bun_bsp_mean,a1c_mean,alt_mean,mono_abs_mean,eos_abs_mean,mcv_mean,rbc_mean,mch_mean	glucose_mean,hemoglobin_mean,trig_mean,rbc_mean,hct_mean,ast_mean			17	7531252	
17:7533015:C:T	eur	rs62059839	0.151894	6.613109999999995e-164	T	0.117266	9.33134e-10	0.159858	9.772839999999997e-16	yes	0.254836 (T)	0.0688097 (T)	0.135966 (T)	0	0	Anterior pituitary disorders,Testicular dysfunction,Testicular hypofunction,Encounter for long-term (current) use of anticoagulants,Primary/intrinsic cardiomyopathies,Atrial flutter,Atrial fibrillation and flutter,Cardiomyopathy,Atrial fibrillation,Diverticulosis and diverticulitis			sodium_bsp_mean,platelet_mean,trig_mean,iron_mean,wbc_mean,neut_abs_mean,hemoglobin_mean,totalck_mean,totchol_mean,mchc_mean,a1c_mean,chloride_bsp_mean,mg_bsp_mean,mono_abs_mean,mch_mean,lymph_abs_mean			DNAH2,EFNB3,SOX15,CD68,ATP1B2,FXR2,MPDU1,SAT2,TP53,TNFSF12,TNFSF12-TNFSF13,EIF4A1,WRAP53,SENP3,TNFSF13,SHBG,Y_RNA,SNORA67,SNORA48,AC113189.5,SNORD10,snoU13,RP11-199F11.2,SENP3-EIF4A1,AC007421.1,LOC100996842	17	7533015	DNAH2,EFNB3,SOX15,CD68,ATP1B2,FXR2,MPDU1,SAT2,TP53,TNFSF12,TNFSF12-TNFSF13,EIF4A1,WRAP53,SENP3,TNFSF13,SHBG,Y_RNA,SNORA67,SNORA48,AC113189.5,SNORD10,snoU13,RP11-199F11.2,SENP3-EIF4A1,AC007421.1,LOC100996842
17:7549080:AAAT:A	his	rs762727948	-0.115578	6.530019999999998e-75	AAAT	-0.0290432	0.00531473	-0.137888	4.34271e-18	yes	0.7657649999999999 (A)	0.369104 (A)	0.694643 (A)	0	0	Disorders of the pituitary gland and its hypothalamic control,Anterior pituitary disorders,Testicular dysfunction,Testicular hypofunction,Delay in sexual development and puberty NEC,Urinary calculus,Calculus of kidney			sodium_bsp_mean,glucose_mean,platelet_mean,trig_mean,egfr_mean,wbc_mean,neut_abs_mean,hdlc_mean,albumin_mean,a1c_mean,creat_bsp_mean,lymph_abs_mean	sodium_bsp_mean		DNAH2,EFNB3,SOX15,CD68,ATP1B2,FXR2,MPDU1,SAT2,TP53,TNFSF12,TNFSF12-TNFSF13,EIF4A1,WRAP53,SENP3,TNFSF13,SHBG,SNORA67,SNORA48,AC113189.5,SNORD10,snoU13,RP11-199F11.2,SENP3-EIF4A1,AC007421.1,LOC100996842	17	7549080	DNAH2,EFNB3,SOX15,CD68,ATP1B2,FXR2,MPDU1,SAT2,TP53,TNFSF12,TNFSF12-TNFSF13,EIF4A1,WRAP53,SENP3,TNFSF13,SHBG,SNORA67,SNORA48,AC113189.5,SNORD10,snoU13,RP11-199F11.2,SENP3-EIF4A1,AC007421.1,LOC100996842
17:7773418:G:A	eur	rs140066907	-0.946044	3.57759e-13	A	-0.0931849	0.877086	-0.0477805	0.928704	yes	0.00103412 (A)	0.000190705 (A)	0.00043330699999999996 (A)	0	0	Testicular dysfunction,Testicular hypofunction,Pelvic inflammatory disease, NOS	Colles' fracture	Mental retardation,Polyarteritis nodosa	trig_mean			KDM6B,TMEM88,TRAPPC1,KCNAB3,AC025335.1,CHD3,CYB5D1,LSMD1,CNTROB,DNAH2,SCARNA21,RP11-1099M24.8,RP11-1099M24.7,NAA38,LOC284023,-	17	7773418	KDM6B,TMEM88,TRAPPC1,KCNAB3,AC025335.1,CHD3,CYB5D1,LSMD1,CNTROB,DNAH2,SCARNA21,RP11-1099M24.8,RP11-1099M24.7,NAA38,LOC284023,-
17:29707502:C:A	eur	rs554877749	-0.0296024	8.257979999999999e-09	C	0.0147094	0.265517	-0.0188721	0.179358	yes	0.619102 (A)	0.184829 (A)	0.437908 (A)	1	0	Substance addiction and disorders,Contracture of palmar fascia [Dupuytren's disease],Other and unspecified disc disorder			platelet_mean,alt_mean,ast_mean,rbc_mean,baso_fra_mean,sodium_bsp_mean,hdlc_mean,ldlc_mean,totalck_mean,glucose_mean,a1c_mean,totchol_mean,mpv_mean	totchol_mean,ldlc_mean,mono_abs_mean,lymph_abs_mean		EVI2A,OMG,RAB11FIP4,EVI2B,NF1,RN7SL79P,CTD-2370N5.3,AK4P1	17	29707502	EVI2A,OMG,RAB11FIP4,EVI2B,NF1,RN7SL79P,CTD-2370N5.3,AK4P1
17:47391290:T:C	eur	rs2906101	-0.0371244	1.24168e-14	T	-0.015502200000000002	0.108168	-0.0166315	0.23946	yes	0.520112 (C)	0.607777 (C)	0.6335390000000001 (C)	0	0	Hypothyroidism,Hypothyroidism NOS,Ischemic Heart Disease,Hypertension,Hypertensive heart and/or renal disease,Myocardial infarction,Essential hypertension,Unstable angina (intermediate coronary syndrome),Coronary atherosclerosis,Congestive heart failure nonhypertensive,Angina pectoris,Other chronic ischemic heart disease, unspecified,Osteoporosis, osteopenia and pathological fracture			ldlc_mean,mono_abs_mean,eos_abs_mean,eos_fra_mean,trig_mean,alt_mean			ABI3,PHB,PHOSPHO1,RP1-62O9.3,RP11-1079K10.1,ZNF652,RP11-1079K10.3,RP11-1079K10.4,RP11-1079K10.2,RNU7-135P,RP11-81K2.1,FLJ40194,MIR6129,LOC102724596	17	47391290	ABI3,PHB,PHOSPHO1,RP1-62O9.3,RP11-1079K10.1,ZNF652,RP11-1079K10.3,RP11-1079K10.4,RP11-1079K10.2,RNU7-135P,RP11-81K2.1,FLJ40194,MIR6129,LOC102724596
19:17346854:G:C	eur	rs202200760	0.08551289999999999	1.70144e-11	C	0.195536	0.000565882	0.0650283	0.109616	yes	0.0470842 (C)	0.00835723 (C)	0.0324584 (C)	0	0	Noninflammatory disorders of vulva and perineum		Hemorrhage NOS		lymph_fra_mean		ANO8,OCEL1,ABHD8,USHBP1,MRPL34,USE1,NR2F6,BABAM1,DDA1,GTPBP3,ANKLE1,MYO9B,AC010646.3,CTD-2278I10.4,CTD-3032J10.4,CTD-2278I10.6,CTD-3032J10.2,CTD-3032J10.3	19	17346854	ANO8,OCEL1,ABHD8,USHBP1,MRPL34,USE1,NR2F6,BABAM1,DDA1,GTPBP3,ANKLE1,MYO9B,AC010646.3,CTD-2278I10.4,CTD-3032J10.4,CTD-2278I10.6,CTD-3032J10.2,CTD-3032J10.3
19:46396507:T:A	eur	rs12976390	0.0490596	1.64388e-11	A	-0.0444341	0.0527364	0.0656404	0.00509945	yes	0.12225699999999999 (A)	0.044093099999999996 (A)	0.0870562 (A)	1	0	Cholelithiasis and cholecystitis,Cholelithiasis,Cyst of kidney, acquired,Cystic kidney disease,Cervical radiculitis			hdlc_mean,albumin_mean,eos_fra_mean,calcium_mg_mean,total_iron_mean,mono_abs_mean,mchc_mean,rbc_mean,mch_mean,ferritin_mean,inr_mean,esr_mean,totchol_mean,ldlc_mean,eos_abs_mean,mcv_mean,tsat_mean		hdlc_mean	RSPH6A,SYMPK,NOVA2,IRF2BP1,FOXA3,MYPOP,NANOS2,AC092301.3	19	46396507	RSPH6A,SYMPK,NOVA2,IRF2BP1,FOXA3,MYPOP,NANOS2,AC092301.3
2:11734814:T:TTTG	eur	rs55831549	0.0270514	3.4096e-08	TTTG	0.00435477	0.729662	0.006184899999999999	0.6526850000000001	yes	0.482241 (TTTG)	0.797992 (TTTG)	0.561787 (TTTG)	0	0	Benign neoplasm of colon			hct_mean,hemoglobin_mean,psa_mean	platelet_mean			2	11734814	
2:27730940:T:C	eur	rs1260326	-0.039600800000000005	1.20917e-16	T	-0.0376005	0.00450943	-0.0300557	0.0285887	yes	0.587478 (C)	0.863814 (C)	0.659335 (C)	0	0	Dermatophytosis of nail,Diabetes mellitus,Type 1 diabetes,Type 1 diabetes with ophthalmic manifestations,Type 2 diabetes,Type 2 diabetes with ophthalmic manifestations,Type 2 diabetes with neurological manifestations,Insulin pump user,Abnormal glucose,Impaired fasting glucose,Diabetic retinopathy,Hypoglycemia,Testicular dysfunction,Testicular hypofunction,Vitamin deficiency,Vitamin B-complex deficiencies,Disorders of lipoid metabolism,Hyperlipidemia,Hypercholesterolemia,Hyperglyceridemia,Mixed hyperlipidemia,Gout and other crystal arthropathies,Gout,Gouty arthropathy,Overweight, obesity and other hyperalimentation,Obesity,Alcohol-related disorders,Alcoholism,Extrapyramidal disease and abnormal movement disorders,Essential tremor,Disorders of the autonomic nervous system,Peripheral autonomic neuropathy,Hereditary and idiopathic peripheral neuropathy,Hypermetropia,Heart transplant/surgery,Symptoms involving digestive system,Chronic liver disease and cirrhosis,Other chronic nonalcoholic liver disease,Cirrhosis of liver without mention of alcohol,Other disorders of liver,Hepatomegaly,Nonspecific elevation of levels of transaminase or lactic acid dehydrogenase [LDH],Abnormal results of function study of liver,Gastrointestinal hemorrhage,Blood in stool,Other symptoms involving abdomen and pelvis,Splenomegaly,Urinary calculus,Calculus of kidney,Bladder neck obstruction,Spinal stenosis,Spinal stenosis of lumbar region	Disorders of lipoid metabolism,Hyperlipidemia,Hyperglyceridemia,Gout and other crystal arthropathies,Gout	Hyperglyceridemia,Mixed hyperlipidemia,Gout,Chronic liver disease and cirrhosis,Other chronic nonalcoholic liver disease,Abnormal results of function study of liver	ferritin_mean,totalck_mean,neut_fra_mean,inr_mean,mono_abs_mean,glucose_mean,wbc_mean,rbc_mean,ast_mean,baso_abs_mean,mcv_mean,ldlc_mean,bun_bsp_mean,totchol_mean,glucose_fasting_mean,neut_abs_mean,tsat_mean,mch_mean,a1c_mean,bicarbonate_mean,hct_mean,potas_bsp_mean,egfr_mean,hemoglobin_mean,eos_fra_mean,ckmb_abs_mean,trig_mean,esr_mean,platelet_mean,glucose_fs_mean,pt_mean,lymph_abs_mean,mpv_mean,creat_bsp_mean,albumin_mean,calcium_mg_mean	bicarbonate_mean,wbc_mean,hemoglobin_mean,platelet_mean,albumin_mean,ldlc_mean,calcium_mg_mean,totchol_mean,creat_bsp_mean,trig_mean,mch_mean,egfr_mean,glucose_mean	creat_bsp_mean,a1c_mean,hct_mean,egfr_mean,calcium_mg_mean,ldlc_mean,albumin_mean,glucose_mean,ast_mean,bicarbonate_mean	NRBP1,IFT172,FNDC4,GCKR,KRTCAP3,PPM1G,ZNF512,RNU6-986P,AC074091.1,C2orf16,AC074117.13,AC109829.1,RP11-158I13.2	2	27730940	NRBP1,IFT172,FNDC4,GCKR,KRTCAP3,PPM1G,ZNF512,RNU6-986P,AC074091.1,C2orf16,AC074117.13,AC109829.1,RP11-158I13.2
2:31989359:G:A	eur	rs113017476	0.0975677	6.163760000000002e-13	A	0.142008	0.00440522	0.130981	0.00978062	yes	0.0359644 (A)	0.0104826 (A)	0.0195735 (A)	0	0				totalck_mean,ast_mean,sodium_bsp_mean,totchol_mean,rdw_mean,mch_mean,psa_mean,hdlc_mean,mchc_mean,ckmb_abs_mean,trig_mean,alt_mean,creat_bsp_mean	pt_mean		KRT18P52,AL133249.1,AK2P2,AL121652.2,AL121652.3,RP11-1057B6.1,LINC01946	2	31989359	KRT18P52,AL133249.1,AK2P2,AL121652.2,AL121652.3,RP11-1057B6.1,LINC01946
2:32681099:G:T	eur	rs72800804	0.0823709	2.17842e-10	T	0.146565	0.00542916	0.0746266	0.12448800000000003	yes	0.0352829 (T)	0.00780875 (T)	0.0186532 (T)	0	0				totalck_mean,neut_fra_mean,wbc_mean,sodium_bsp_mean,totchol_mean,rdw_mean,neut_abs_mean,mch_mean,iron_mean,psa_mean,hdlc_mean,mchc_mean,trig_mean			MIR558,BIRC6,BIRC6-AS1	2	32681099	MIR558,BIRC6,BIRC6-AS1
22:29060218:C:A	his	rs541119723	-0.00824169	0.29206	A	0.00784876	0.556495	-0.0952804	5.3483e-08	no	0.19728199999999999 (A)	0.24646500000000002 (A)	0.369062 (A)	1	0	Primary angle-closure glaucoma				hct_mean	albumin_mean	HSCB,CHEK2,TTC28,RN7SL162P	22	29060218	HSCB,CHEK2,TTC28,RN7SL162P
22:44324727:C:G	eur	rs738409	0.0437466	7.55283e-15	G	0.023359	0.07461770000000001	0.06642970000000001	6.33961e-07	yes	0.22671100000000002 (G)	0.13833900000000002 (G)	0.437342 (G)	0	0	Cancer of liver and intrahepatic bile duct,Malignant neoplasm of liver, primary,Diabetes mellitus,Type 1 diabetes,Type 2 diabetes,Type 2 diabetes with ophthalmic manifestations,Diabetic retinopathy,Testicular dysfunction,Testicular hypofunction,Disorders of urea cycle metabolism,Disorders of lipoid metabolism,Hyperlipidemia,Hyperglyceridemia,Gout and other crystal arthropathies,Gout,Gouty arthropathy,Disorders of iron metabolism,Hereditary hemochromatosis,Aplastic anemia,Pancytopenia,Purpura and other hemorrhagic conditions,Thrombocytopenia,Secondary thrombocytopenia,Alcoholism,Alcoholic liver damage,Peripheral autonomic neuropathy,Other conditions of brain,Encephalopathy, not elsewhere classified,Other peripheral nerve disorders,Hereditary and idiopathic peripheral neuropathy,Inflammatory and toxic neuropathy,Peripheral vascular disease, unspecified,Peripheral vascular disease,Esophageal bleeding (varices/hemorrhage),Other disorders of stomach and duodenum,Lesions of stomach and duodenum,Chronic liver disease and cirrhosis,Other chronic nonalcoholic liver disease,Cirrhosis of liver without mention of alcohol,Liver abscess and sequelae of chronic liver disease,Portal hypertension,Ascites (non malignant),Other disorders of liver,Liver replaced by transplant,Hepatomegaly,Acute and subacute necrosis of liver,Jaundice (not of newborn),Nonspecific elevation of levels of transaminase or lactic acid dehydrogenase [LDH],Abnormal results of function study of liver,Abnormal serum enzyme levels,Other biliary tract disease,Nonspecific abnormal findings on radiological and other examination of biliary tract,Hemorrhage of gastrointestinal tract,Other symptoms involving abdomen and pelvis,Splenomegaly,Nephrotic syndrome without mention of glomerulonephritis,Other abnormal blood chemistry,Chronic osteomyelitis,Hepatitis NOS	Alcoholic liver damage,Esophageal bleeding (varices/hemorrhage),Chronic liver disease and cirrhosis,Other chronic nonalcoholic liver disease,Cirrhosis of liver without mention of alcohol,Hepatomegaly,Abnormal results of function study of liver	Aplastic anemia,Pancytopenia,Purpura and other hemorrhagic conditions,Thrombocytopenia,Secondary thrombocytopenia,Alcoholic liver damage,Esophageal bleeding (varices/hemorrhage),Chronic liver disease and cirrhosis,Other chronic nonalcoholic liver disease,Cirrhosis of liver without mention of alcohol,Liver abscess and sequelae of chronic liver disease,Portal hypertension,Ascites (non malignant),Liver replaced by transplant,Hepatomegaly,Nonspecific elevation of levels of transaminase or lactic acid dehydrogenase [LDH],Abnormal results of function study of liver,Abnormal serum enzyme levels,Nonspecific abnormal findings on radiological and other examination of biliary tract,Splenomegaly,Other abnormal blood chemistry	a1c_mean,neut_abs_mean,inr_mean,psa_mean,trig_mean,glucose_fs_mean,hemoglobin_mean,hdlc_mean,rdw_mean,mch_mean,sodium_bsp_mean,glucose_mean,mcv_mean,ferritin_mean,iron_mean,platelet_mean,neut_fra_mean,mchc_mean,eos_fra_mean,ast_mean,pt_mean,wbc_mean,alt_mean,totchol_mean,hct_mean,mpv_mean,lymph_abs_mean,tsat_mean	ast_mean,glucose_mean,hdlc_mean,mpv_mean,baso_fra_mean,platelet_mean,totchol_mean,alt_mean,inr_mean	glucose_mean,ferritin_mean,inr_mean,iron_mean,ast_mean,hemoglobin_mean,hct_mean,alt_mean	PNPLA5,PNPLA3,SULT4A1,PARVB,SAMM50,RP4-796I17.5,Z97055.1	22	44324727	PNPLA5,PNPLA3,SULT4A1,PARVB,SAMM50,RP4-796I17.5,Z97055.1
3:138020648:G:A	afr	rs137913079	-0.025885400000000003	0.957779	A	-0.81386	9.76954e-09	0.0428453	0.927193	yes	6.50271e-05 (A)	0.00145467 (A)	0.000360617 (A)	0	1	Acquired coagulation factor deficiency,Dementia with cerebral degenerations,Chronic ulcer of unspecified site						MRAS,NME9,ARMC8	3	138020648	MRAS,NME9,ARMC8
4:69533221:A:T	eur	rs989075	0.0281746	1.32104e-08	T	0.0312155	0.00129236	0.05962140000000001	1.60288e-05	yes	0.45140399999999997 (T)	0.552387 (T)	0.538756 (T)	0	0	Disorders of lipoid metabolism,Hyperlipidemia,Scleritis and episcleritis			albumin_mean,mch_mean,trig_mean,mchc_mean,bnp_mean,chloride_bsp_mean,mcv_mean,lymph_abs_mean,sodium_bsp_mean,glucose_mean,rdw_mean,totchol_mean,hdlc_mean,hemoglobin_mean,hct_mean,iron_mean			UGT2B17,UGT2B15,RP11-1267H10.1,RP11-1267H10.4,RP11-1267H10.3,RP11-1267H10.2,-	4	69533221	UGT2B17,UGT2B15,RP11-1267H10.1,RP11-1267H10.4,RP11-1267H10.3,RP11-1267H10.2,-
6:32658310:G:A	eur	rs9469220	-0.0258834	4.31592e-08	A	-0.00601395	0.5083880000000001	-0.00502313	0.703184	yes	0.497626 (A)	0.555629 (A)	0.564501 (A)	0	0	Cancer of oropharynx,Mycoses,Cancer of larynx, pharynx, nasal cavities,Basal cell carcinoma,Histoplasmosis,Cancer of tongue,Cancer, suspected or other,Melanomas of skin, dx or hx,Other non-epithelial cancer of skin,Carcinoma in situ of skin,Malignant neoplasm of head, face, and neck,Skin cancer,Squamous cell carcinoma,Neoplasm of uncertain behavior of skin,Malignant neoplasm, other,Cancer of other lymphoid, histiocytic tissue,Non-Hodgkins lymphoma,Nodular lymphoma,Graves' disease,Hypothyroidism,Hypothyroidism NOS,Type 1 diabetes,Type 1 diabetes with ketoacidosis,Type 1 diabetes with renal manifestations,Type 1 diabetes with ophthalmic manifestations,Type 1 diabetes with neurological manifestations,Diabetes type 1 with peripheral circulatory disorders,Type 2 diabetes with ketoacidosis,Insulin pump user,Diabetic retinopathy,Hypoglycemia,Disorders of lipoid metabolism,Hyperlipidemia,Decreased white blood cell count,Multiple sclerosis,Macular degeneration, dry,Chorioretinal inflammations, scars, and other disorders of choroid,Chorioretinal scars,Nonrheumatic aortic valve disorders,Inflammatory bowel disease and other gastroenteritis and colitis,Regional enteritis,Celiac disease,Cirrhosis of liver without mention of alcohol,Hematuria,Microscopic hematuria,Urinary calculus,Calculus of kidney,Rash and other nonspecific skin eruption,Erythematosquamous dermatosis,Seborrheic dermatitis,Dermatitis herpetiformis,Pemphigus and pemphigoid,Rosacea,Lupus (localized and systemic),Cutaneous lupus erythematosus,Systemic lupus erythematosus,Psoriasis and related disorders,Psoriasis,Psoriasis vulgaris,Sarcoidosis,Pruritus and related conditions,Degenerative skin conditions and other dermatoses,Actinic keratosis,Diffuse diseases of connective tissue,Seborrhea,Edema,Ankylosing spondylitis,Bacterial enteritis,Intestinal infection due to C. difficile,Herpes zoster,Chronic hepatitis,Viral warts & HPV,Urticaria,Althete's foot,Cancer of mouth	Dermatomycoses		eos_abs_mean,mch_mean,mono_abs_mean,hdlc_mean,wbc_mean,trig_mean,creat_bsp_mean,bicarbonate_mean,baso_abs_mean,mcv_mean,potas_bsp_mean,egfr_mean,lymph_abs_mean,bun_bsp_mean,totchol_mean,neut_abs_mean,tsat_mean,ldlc_mean,lymph_fra_mean,ast_mean,total_iron_mean			HLA-DQA1,HLA-DQA2,HLA-DQB1,HLA-DQB2,HLA-DQB1-AS1,MTCO3P1,HLA-DQB3,XXbac-BPG254F23.6,XXbac-BPG254F23.7,MIR3135B,-	6	32658310	HLA-DQA1,HLA-DQA2,HLA-DQB1,HLA-DQB2,HLA-DQB1-AS1,MTCO3P1,HLA-DQB3,XXbac-BPG254F23.6,XXbac-BPG254F23.7,MIR3135B,-
7:9714084:G:A	afr	rs1042554135	0.643196	0.28673000000000004	A	-0.976685	1.50359e-08	-0.245436	0.739477	yes	3.74279e-05 (A)	0.00153813 (A)	0.00016225200000000002 (A)	1	1	Cancer of of nasal cavities						AC060834.2,GAPDHP68,AC060834.3,AC079756.1,AC096553.5,PER4	7	9714084	AC060834.2,GAPDHP68,AC060834.3,AC079756.1,AC096553.5,PER4
7:97984321:TG:T	eur	rs77032872	-0.0378274	6.531619999999999e-10	T	-0.0174312	0.23956	-0.0402189	0.0197971	yes	0.178871 (T)	0.10391900000000001 (T)	0.171716 (T)	0	0	Cancer of prostate,Diabetes mellitus,Type 2 diabetes,Disorders of lipoid metabolism,Hyperlipidemia,Gout and other crystal arthropathies,Gout		Acute gastritis	bicarbonate_mean,a1c_mean,totchol_mean,egfr_mean,neut_fra_mean,glucose_mean,lymph_fra_mean,hemoglobin_mean,psa_mean,trig_mean,albumin_mean,neut_abs_mean,potas_bsp_mean,creat_bsp_mean,wbc_mean	bicarbonate_mean		BAIAP2L1,BRI3,RPS3AP26,AC091654.7,RP4-607J23.2,RP11-307C18.1,-	7	97984321	BAIAP2L1,BRI3,RPS3AP26,AC091654.7,RP4-607J23.2,RP11-307C18.1,-
8:65186105:T:C	afr	rs1440142	-0.00319856	0.549104	C	0.0681802	3.32354e-08	0.00665343	0.651187	no	0.27673000000000003 (C)	0.7905800000000001 (C)	0.29382199999999997 (C)	1	1					mcv_mean,eos_fra_mean,ferritin_mean,eos_abs_mean,hdlc_mean	ccp_mean	RP11-32K4.1,LINC00966,COX6CP8,MIR124-2HG,LOC102724623	8	65186105	RP11-32K4.1,LINC00966,COX6CP8,MIR124-2HG,LOC102724623
8:81461974:A:G	eur	rs440837	0.031319400000000004	8.611089999999999e-08	G	0.0281258	0.0114978	-0.000891838	0.950339	no	0.215277 (G)	0.75634 (G)	0.347117 (G)	0	1				chloride_bsp_mean,hemoglobin_mean,bicarbonate_mean,baso_fra_mean,eos_fra_mean,hct_mean	mg_bsp_mean,mono_abs_mean		ZNF704,ZBTB10,RNU2-71P,RN7SL107P,RPSAP47,Y_RNA,RP11-48B3.2,SLC25A51P3,CKS1BP7,RP11-48B3.3,RP11-48B3.4	8	81461974	ZNF704,ZBTB10,RNU2-71P,RN7SL107P,RPSAP47,Y_RNA,RP11-48B3.2,SLC25A51P3,CKS1BP7,RP11-48B3.3,RP11-48B3.4
X:8901390:G:A	eur	rs59585459	0.0650272	3.8542699999999995e-66	A	0.0659805	4.36424e-14	0.08982910000000001	5.59693e-13	yes	0.273331 (A)	0.173597 (A)	0.168819 (A)	0	0	Polycythemia vera,Disorders of the pituitary gland and its hypothalamic control,Anterior pituitary disorders,Testicular dysfunction,Testicular hypofunction,Delay in sexual development and puberty NEC,Polycythemia, secondary,Hypertensive chronic kidney disease,Hypertensive heart and/or renal disease,Atherosclerosis of native arteries of the extremities with ulceration or gangrene,Other chronic ischemic heart disease, unspecified,Abdominal hernia,Inguinal hernia,Renal failure,Acute renal failure,Chronic renal failure [CKD],Urinary tract infection,Other symptoms/disorders or the urinary system,Hyperplasia of prostate,Other disorders of bone and cartilage,Osteoporosis,Osteoporosis NOS,Cervical radiculitis,Osteoporosis, osteopenia and pathological fracture,Osteopenia or other disorder of bone and cartilage,Elevated prostate specific antigen [PSA]	Testicular dysfunction,Testicular hypofunction	Testicular dysfunction,Testicular hypofunction	wbc_mean,esr_mean,lymph_abs_mean,chloride_bsp_mean,egfr_mean,totchol_mean,totalck_mean,neut_abs_mean,hdlc_mean,mchc_mean,neut_fra_mean,creat_bsp_mean,mono_abs_mean,rbc_mean,lymph_fra_mean,eos_fra_mean,psa_mean,hemoglobin_mean,hct_mean,mch_mean,sodium_bsp_mean,platelet_mean,mcv_mean	hct_mean,psa_mean,chloride_bsp_mean,sodium_bsp_mean,rbc_mean,hemoglobin_mean	hct_mean,hemoglobin_mean,creat_bsp_mean,egfr_mean	FAM9B,GS1-542M4.3,RP11-66N5.2,GS1-542M4.4	X	8901390	FAM9B,GS1-542M4.3,RP11-66N5.2,GS1-542M4.4
X:8912628:C:T	afr	rs139036121	0.06488780000000001	1.4704999999999993e-65	T	0.0649379	8.62362e-15	0.0888614	8.51998e-13	yes	0.27248 (T)	0.217919 (T)	0.173582 (T)	0	0	Polycythemia vera,Disorders of the pituitary gland and its hypothalamic control,Anterior pituitary disorders,Testicular dysfunction,Testicular hypofunction,Delay in sexual development and puberty NEC,Polycythemia, secondary,Hypertensive chronic kidney disease,Hypertensive heart and/or renal disease,Atherosclerosis of native arteries of the extremities with ulceration or gangrene,Other chronic ischemic heart disease, unspecified,Abdominal hernia,Inguinal hernia,Renal failure,Acute renal failure,Chronic renal failure [CKD],Urinary tract infection,Other symptoms/disorders or the urinary system,Hyperplasia of prostate,Other disorders of bone and cartilage,Osteoporosis,Osteoporosis NOS,Cervical radiculitis,Osteoporosis, osteopenia and pathological fracture,Osteopenia or other disorder of bone and cartilage,Elevated prostate specific antigen [PSA]		Testicular dysfunction,Testicular hypofunction	wbc_mean,esr_mean,lymph_abs_mean,chloride_bsp_mean,egfr_mean,totchol_mean,totalck_mean,neut_abs_mean,hdlc_mean,mchc_mean,neut_fra_mean,creat_bsp_mean,mono_abs_mean,rbc_mean,lymph_fra_mean,eos_fra_mean,psa_mean,hemoglobin_mean,hct_mean,mch_mean,sodium_bsp_mean,platelet_mean,mcv_mean	hct_mean,psa_mean,mono_abs_mean,chloride_bsp_mean,sodium_bsp_mean,rbc_mean,hemoglobin_mean	hct_mean,hemoglobin_mean,creat_bsp_mean	FAM9B,GS1-542M4.3,RP11-66N5.2,GS1-542M4.4	X	8912628	FAM9B,GS1-542M4.3,RP11-66N5.2,GS1-542M4.4
X:8916646:A:C	his	rs17307280	0.06359680000000001	6.343639999999998e-66	C	0.0532448	2.0811e-12	0.0876383	3.43279e-13	yes	0.278238 (C)	0.23470500000000002 (C)	0.178869 (C)	0	0	Polycythemia vera,Hypothyroidism,Disorders of the pituitary gland and its hypothalamic control,Anterior pituitary disorders,Testicular dysfunction,Testicular hypofunction,Delay in sexual development and puberty NEC,Polycythemia, secondary,Hypertensive chronic kidney disease,Hypertensive heart and/or renal disease,Atherosclerosis of native arteries of the extremities with ulceration or gangrene,Other chronic ischemic heart disease, unspecified,Abdominal hernia,Inguinal hernia,Renal failure,Acute renal failure,Chronic renal failure [CKD],Urinary tract infection,Other disorders of bladder,Other symptoms/disorders or the urinary system,Hyperplasia of prostate,Other disorders of bone and cartilage,Osteoporosis,Osteoporosis NOS,Cervical radiculitis,Osteoporosis, osteopenia and pathological fracture,Osteopenia or other disorder of bone and cartilage,Elevated prostate specific antigen [PSA]		Testicular hypofunction	bicarbonate_mean,wbc_mean,esr_mean,lymph_abs_mean,chloride_bsp_mean,egfr_mean,totchol_mean,totalck_mean,neut_abs_mean,hdlc_mean,mchc_mean,neut_fra_mean,creat_bsp_mean,mono_abs_mean,rbc_mean,lymph_fra_mean,eos_fra_mean,psa_mean,hemoglobin_mean,hct_mean,mch_mean,sodium_bsp_mean,platelet_mean,mcv_mean	hct_mean,psa_mean,chloride_bsp_mean,sodium_bsp_mean,rbc_mean,hemoglobin_mean	hct_mean,hemoglobin_mean	FAM9B,GS1-542M4.3,RP11-66N5.2,GS1-542M4.4	X	8916646	FAM9B,GS1-542M4.3,RP11-66N5.2,GS1-542M4.4
X:31818475:T:G	afr	rs12847271	0.00514405	0.333631	G	-0.053167999999999986	2.7223e-08	0.0338666	0.0284056	no	0.1124 (G)	0.131971 (G)	0.100221 (G)	1	0				chloride_bsp_mean			DMD,-	X	31818475	DMD,-
X:64708833:T:C	eur	rs199856860	0.275521	1.21302e-08	C	1.23718	2.5932600000000006e-05	-0.151489	0.5306489999999999	yes	0.00118285 (C)	0.00011869 (C)	0.00036363599999999997 (C)	0	1		Acromegaly and gigantism,Hydronephrosis		hct_mean,psa_mean,hemoglobin_mean,rbc_mean,mpv_mean			LAS1L,ZC3H12B,TLE1P1,MSN,RP3-323B6.1,FRMD8P1	X	64708833	LAS1L,ZC3H12B,TLE1P1,MSN,RP3-323B6.1,FRMD8P1
X:64885603:T:A	afr	rs7050457	-0.0204205	0.445179	A	-0.147698	1.52832e-10	-0.0702683	0.240924	yes	0.158895 (A)	0.307193 (A)	0.19622699999999998 (A)	0	0	Fibrosclerosis of breast			psa_mean,hdlc_mean,totchol_mean,sodium_bsp_mean,platelet_mean,chloride_bsp_mean	hemoglobin_mean,hdlc_mean,mcv_mean,glucose_mean,egfr_mean,creat_bsp_mean,trig_mean,mch_mean,hct_mean,eos_abs_mean,mpv_mean,eos_fra_mean		MSN	X	64885603	MSN
X:64899628:T:A	afr	rs7058831	-0.0194413	0.44176	A	-0.146739	9.69371e-11	-0.06421639999999999	0.26405100000000004	no	0.168357 (A)	0.321811 (A)	0.20755500000000002 (A)	0	0	Fibrosclerosis of breast			psa_mean,hdlc_mean,totchol_mean,sodium_bsp_mean,platelet_mean,chloride_bsp_mean	hemoglobin_mean,hdlc_mean,mcv_mean,egfr_mean,creat_bsp_mean,trig_mean,mch_mean,hct_mean,eos_abs_mean,mpv_mean,eos_fra_mean		MSN,NANOGP9	X	64899628	MSN,NANOGP9
X:64938037:T:C	afr	rs6624812	-0.0245821	0.188368	C	-0.117286	3.3898400000000004e-10	-0.0411142	0.365513	no	0.158353 (C)	0.343985 (C)	0.204652 (C)	0	0				psa_mean,albumin_mean,totchol_mean,sodium_bsp_mean,chloride_bsp_mean	hemoglobin_mean,hdlc_mean,mcv_mean,platelet_mean,baso_fra_mean,egfr_mean,creat_bsp_mean,trig_mean,mch_mean,hct_mean,eos_abs_mean,eos_fra_mean		MSN,ETF1P3,NANOGP9	X	64938037	MSN,ETF1P3,NANOGP9
X:64942557:C:T	afr	rs5964452	-0.0246826	0.186293	T	-0.117449	3.29376e-10	-0.0412409	0.363937	no	0.158459 (T)	0.344264 (T)	0.20475 (T)	0	0				psa_mean,albumin_mean,totchol_mean,sodium_bsp_mean,chloride_bsp_mean	hemoglobin_mean,hdlc_mean,mcv_mean,platelet_mean,baso_fra_mean,egfr_mean,creat_bsp_mean,trig_mean,mch_mean,hct_mean,eos_abs_mean,eos_fra_mean		MSN,RP11-314A15.2,ETF1P3,NANOGP9	X	64942557	MSN,RP11-314A15.2,ETF1P3,NANOGP9
X:64944642:A:G	afr	rs5965005	-0.024687	0.186212	G	-0.117475	3.3239099999999993e-10	-0.040944199999999986	0.367474	no	0.158458 (G)	0.3443 (G)	0.204755 (G)	0	0				psa_mean,albumin_mean,totchol_mean,sodium_bsp_mean,chloride_bsp_mean	hemoglobin_mean,hdlc_mean,mcv_mean,platelet_mean,baso_fra_mean,egfr_mean,creat_bsp_mean,trig_mean,mch_mean,hct_mean,eos_abs_mean,eos_fra_mean		MSN,RP11-314A15.2,ETF1P3,NANOGP9	X	64944642	MSN,RP11-314A15.2,ETF1P3,NANOGP9
X:65317736:G:A	afr	rs4827451	-0.0143141	0.00753668	G	-0.0549603	1.4119400000000002e-09	-0.0122085	0.315738	no	0.8211930000000001 (A)	0.200519 (A)	0.74064 (A)	0	0		Diabetes mellitus,Type 2 diabetes,Type 2 diabetes with ophthalmic manifestations,Diabetic retinopathy,Renal failure,Chronic renal failure [CKD]		mcv_mean,hdlc_mean,albumin_mean,mch_mean,wbc_mean,mono_abs_mean,rbc_mean,eos_fra_mean,platelet_mean,eos_abs_mean	a1c_mean,hdlc_mean,mcv_mean,platelet_mean,glucose_mean,egfr_mean,bun_bsp_mean,creat_bsp_mean,trig_mean,mch_mean,eos_abs_mean,mchc_mean,totalck_mean,eos_fra_mean		RP11-30M20.1,HEPH,VSIG4,MIR223,RP6-159A1.3,EIF4BP9,MIR223HG	X	65317736	RP11-30M20.1,HEPH,VSIG4,MIR223,RP6-159A1.3,EIF4BP9,MIR223HG
X:65805137:A:G	his	rs371227995	2.15335	0.0321952	G	13.2194	5.18352e-05	14.457	1.39021e-07	no	0.00155047 (G)	0.0003005 (G)	0.00237145 (G)	0	0		Renal failure,Chronic renal failure [CKD]	Testicular dysfunction,Testicular hypofunction	calcium_mg_mean,hdlc_mean,albumin_mean,rdw_mean,eos_fra_mean,trig_mean	a1c_mean,hdlc_mean,mcv_mean,egfr_mean,bun_bsp_mean,creat_bsp_mean,trig_mean,mch_mean,ferritin_mean,totalck_mean		EDA2R,RNU6-394P,PKMP2	X	65805137	EDA2R,RNU6-394P,PKMP2
X:65875312:T:C	his	rs139787906	0.445321	0.117039	C	3.22653	0.000294725	3.60988	5.49748e-08	no	0.00584856 (C)	0.00165209 (C)	0.00929597 (C)	0	0		Renal failure,Chronic renal failure [CKD]	Testicular hypofunction,Systemic sclerosis	calcium_mg_mean,albumin_mean	hdlc_mean,mcv_mean,egfr_mean,bun_bsp_mean,creat_bsp_mean,trig_mean,mch_mean,totalck_mean	hct_mean	EDA2R,RNU6-394P	X	65875312	EDA2R,RNU6-394P
X:67045153:T:C	eur	rs190119169	4.85118	1.0300000000000002e-09	C	7.86797	0.00206839	6.11606	0.0131248	yes	0.00222998 (C)	0.0008662160000000001 (C)	0.00231386 (C)	0	0	Actinic keratosis	Diabetes mellitus,Type 2 diabetes		calcium_mg_mean,egfr_mean,hdlc_mean,albumin_mean,sodium_bsp_mean,creat_bsp_mean,alt_mean,eos_fra_mean,trig_mean	a1c_mean,glucose_fs_mean,hdlc_mean,mcv_mean,platelet_mean,glucose_mean,egfr_mean,creat_bsp_mean,trig_mean,mch_mean,totalck_mean		AR,RP11-383C12.2	X	67045153	AR,RP11-383C12.2
X:67138963:T:C	eur	rs2363796	0.0982794	1.99208e-09	T	0.175395	6.51775e-05	0.123655	0.00885058	yes	0.846641 (C)	0.909307 (C)	0.8427610000000001 (C)	0	0	Testicular hypofunction,Actinic keratosis	Diabetes mellitus,Type 2 diabetes		calcium_mg_mean,egfr_mean,hdlc_mean,albumin_mean,sodium_bsp_mean,alt_mean,eos_fra_mean,neut_fra_mean,trig_mean	a1c_mean,hdlc_mean,platelet_mean,glucose_mean,egfr_mean,creat_bsp_mean,trig_mean,totalck_mean	bicarbonate_mean	RP6-201G10.2	X	67138963	RP6-201G10.2
X:67403723:T:G	eur	rs7052964	-0.035587400000000005	1.44979e-12	G	0.000599503	0.940725	-0.0402041	0.00759821	yes	0.15872999999999998 (G)	0.26569299999999996 (G)	0.13751 (G)	1	0	Diabetes mellitus,Type 2 diabetes,Testicular dysfunction,Testicular hypofunction,Disorders of lipoid metabolism,Hyperlipidemia,Synovitis and tenosynovitis			hdlc_mean,glucose_mean,sodium_bsp_mean,eos_fra_mean,a1c_mean,trig_mean,eos_abs_mean			OPHN1,RP11-516A11.3,RNU6-1225P,-	X	67403723	OPHN1,RP11-516A11.3,RNU6-1225P,-
X:68147120:G:A	eur	rs113369688	-0.234758	5.1085900000000015e-06	A	-0.0117219	0.462384	-0.0818896	0.219193	no	0.0160441 (A)	0.0989815 (A)	0.0195519 (A)	0	0							EFNB1	X	68147120	EFNB1
X:95470643:G:A	his	rs113642888	0.0300326	0.123877	A	0.179599	0.112652	-0.250225	4.66662e-07	no	0.016653400000000002 (A)	0.00206095 (A)	0.0130707 (A)	0	1		Anomalies of endocrine glands, congenital			trig_mean		RPS29P28	X	95470643	RPS29P28
X:109749735:ACT:A	afr	rs112506283	0.0529107	1.0507399999999999e-46	A	0.0372039	7.10471e-08	0.0772095	1.76027e-11	yes	0.382733 (A)	0.489885 (A)	0.24793400000000002 (A)	0	0	Testicular dysfunction,Testicular hypofunction,Vitamin deficiency,Disorders of lipoid metabolism,Hyperlipidemia,Hypercholesterolemia,Hyperglyceridemia,Mixed hyperlipidemia,Gout and other crystal arthropathies,Gout,Other peripheral nerve disorders,Glaucoma,Open-angle glaucoma,Ischemic Heart Disease,Hypertension,Primary/intrinsic cardiomyopathies,Cardiac pacemaker/device in situ,Myocardial infarction,Essential hypertension,Unstable angina (intermediate coronary syndrome),Coronary atherosclerosis,Transient cerebral ischemia,Congestive heart failure nonhypertensive,Angina pectoris,Cardiomyopathy,Cardiac conduction disorders,Heart failure with reduced EF [Systolic or combined heart failure],Cerebral ischemia,Other chronic ischemic heart disease, unspecified,Other forms of chronic heart disease,Congestive heart failure (CHF) NOS,Encounter for long-term (current) use of aspirin,Diseases of esophagus,Esophagitis, GERD and related diseases,GERD,Abdominal hernia,Inguinal hernia,Umbilical hernia,Ventral hernia,Incisional hernia,Diverticulosis and diverticulitis,Hepatomegaly,Nonspecific elevation of levels of transaminase or lactic acid dehydrogenase [LDH],Renal failure,Chronic renal failure [CKD],Postlaminectomy syndrome,Spinal stenosis,Spinal stenosis of lumbar region,Degeneration of intervertebral disc,Thoracic or lumbosacral neuritis or radiculitis, unspecified,Complications of cardiac/vascular device, implant, and graft	Disorders of lipoid metabolism,Hyperlipidemia	Disorders of lipoid metabolism,Hyperlipidemia	a1c_mean,troponini_mean,totchol_mean,mono_abs_mean,rbc_mean,ast_mean,neut_abs_mean,platelet_mean,neut_fra_mean,ferritin_mean,esr_mean,calcium_mg_mean,albumin_mean,lymph_fra_mean,mch_mean,trig_mean,glucose_mean,mcv_mean,bicarbonate_mean,ldlc_mean,baso_abs_mean,rdw_mean	trig_mean,ldlc_mean,neut_fra_mean,iron_mean,ast_mean,totchol_mean	ldlc_mean	AMMECR1,RGAG1,TDGF1P3	X	109749735	AMMECR1,RGAG1,TDGF1P3
X:109761039:G:GT	his	rs5903354	0.0626236	4.1921599999999996e-45	GT	0.0408844	1.0573e-06	0.0991405	1.1941299999999999e-12	yes	0.326297 (GT)	0.39282100000000003 (GT)	0.209333 (GT)	0	0	Testicular dysfunction,Testicular hypofunction,Vitamin deficiency,Disorders of lipoid metabolism,Hyperlipidemia,Hypercholesterolemia,Hyperglyceridemia,Mixed hyperlipidemia,Gout and other crystal arthropathies,Gout,Ischemic Heart Disease,Hypertension,Primary/intrinsic cardiomyopathies,Cardiac pacemaker/device in situ,Hypertensive heart and/or renal disease,Myocardial infarction,Essential hypertension,Unstable angina (intermediate coronary syndrome),Coronary atherosclerosis,Transient cerebral ischemia,Congestive heart failure nonhypertensive,Angina pectoris,Cardiomyopathy,Cardiac conduction disorders,Heart failure with reduced EF [Systolic or combined heart failure],Cerebral ischemia,Other chronic ischemic heart disease, unspecified,Other forms of chronic heart disease,Congestive heart failure (CHF) NOS,Diseases of esophagus,Esophagitis, GERD and related diseases,GERD,Abdominal hernia,Inguinal hernia,Umbilical hernia,Ventral hernia,Incisional hernia,Diverticulosis and diverticulitis,Diverticulitis,Hepatomegaly,Nonspecific elevation of levels of transaminase or lactic acid dehydrogenase [LDH],Renal failure,Chronic renal failure [CKD],Postlaminectomy syndrome,Spinal stenosis,Spinal stenosis of lumbar region,Degeneration of intervertebral disc,Thoracic or lumbosacral neuritis or radiculitis, unspecified,Complications of cardiac/vascular device, implant, and graft	Disorders of lipoid metabolism,Hyperlipidemia	Disorders of lipoid metabolism,Hyperlipidemia	a1c_mean,troponini_mean,totchol_mean,mono_abs_mean,rbc_mean,ast_mean,neut_abs_mean,platelet_mean,neut_fra_mean,esr_mean,calcium_mg_mean,albumin_mean,lymph_fra_mean,mch_mean,trig_mean,glucose_mean,mcv_mean,bicarbonate_mean,ldlc_mean,baso_abs_mean,rdw_mean	trig_mean,ldlc_mean,ast_mean,totchol_mean	ldlc_mean		X	109761039	
X:109883087:T:C	eur	rs5985297	0.0514495	5.367819999999998e-49	C	0.031390499999999995	2.01802e-06	0.069642	2.90486e-10	yes	0.393013 (C)	0.5258470000000001 (C)	0.251081 (C)	0	0	Testicular dysfunction,Testicular hypofunction,Disorders of lipoid metabolism,Hyperlipidemia,Hypercholesterolemia,Hyperglyceridemia,Mixed hyperlipidemia,Gout and other crystal arthropathies,Gout,Glaucoma,Open-angle glaucoma,Ischemic Heart Disease,Hypertension,Primary/intrinsic cardiomyopathies,Cardiac pacemaker/device in situ,Myocardial infarction,Essential hypertension,Unstable angina (intermediate coronary syndrome),Coronary atherosclerosis,Transient cerebral ischemia,Congestive heart failure nonhypertensive,Angina pectoris,Cardiac conduction disorders,Heart failure with reduced EF [Systolic or combined heart failure],Cerebral ischemia,Other chronic ischemic heart disease, unspecified,Other forms of chronic heart disease,Congestive heart failure (CHF) NOS,Encounter for long-term (current) use of aspirin,Diseases of esophagus,Esophagitis, GERD and related diseases,GERD,Abdominal hernia,Inguinal hernia,Umbilical hernia,Ventral hernia,Incisional hernia,Diverticulosis and diverticulitis,Hepatomegaly,Nonspecific elevation of levels of transaminase or lactic acid dehydrogenase [LDH],Renal failure,Chronic renal failure [CKD],Postlaminectomy syndrome,Spinal stenosis,Spinal stenosis of lumbar region,Degeneration of intervertebral disc,Other abnormal blood chemistry,Back pain,Thoracic or lumbosacral neuritis or radiculitis, unspecified,Sciatica,Complications of cardiac/vascular device, implant, and graft	Disorders of lipoid metabolism,Hyperlipidemia	Disorders of lipoid metabolism,Hyperlipidemia	a1c_mean,troponini_mean,totchol_mean,mono_abs_mean,rbc_mean,ast_mean,iron_mean,neut_abs_mean,platelet_mean,neut_fra_mean,esr_mean,calcium_mg_mean,albumin_mean,lymph_fra_mean,mch_mean,trig_mean,glucose_mean,mcv_mean,bicarbonate_mean,ldlc_mean,baso_abs_mean,rdw_mean	trig_mean,ldlc_mean,neut_fra_mean,calcium_mg_mean,ast_mean,totchol_mean	ldlc_mean	CHRDL1,RP11-441A11.1	X	109883087	CHRDL1,RP11-441A11.1
X:109887142:G:C	eur	rs12387915	0.058553699999999986	5.531639999999998e-49	C	0.0291899	9.7285e-05	0.0731536	1.7803e-09	yes	0.34626599999999996 (C)	0.6244890000000001 (C)	0.236413 (C)	0	0	Testicular dysfunction,Testicular hypofunction,Disorders of lipoid metabolism,Hyperlipidemia,Hypercholesterolemia,Hyperglyceridemia,Mixed hyperlipidemia,Gout and other crystal arthropathies,Gout,Glaucoma,Open-angle glaucoma,Ischemic Heart Disease,Hypertension,Primary/intrinsic cardiomyopathies,Cardiac pacemaker/device in situ,Myocardial infarction,Essential hypertension,Unstable angina (intermediate coronary syndrome),Coronary atherosclerosis,Congestive heart failure nonhypertensive,Angina pectoris,Cardiomyopathy,Cardiac conduction disorders,Heart failure with reduced EF [Systolic or combined heart failure],Other chronic ischemic heart disease, unspecified,Other forms of chronic heart disease,Congestive heart failure (CHF) NOS,Encounter for long-term (current) use of aspirin,Diseases of esophagus,Esophagitis, GERD and related diseases,GERD,Abdominal hernia,Inguinal hernia,Umbilical hernia,Ventral hernia,Incisional hernia,Nonspecific elevation of levels of transaminase or lactic acid dehydrogenase [LDH],Renal failure,Chronic renal failure [CKD],Postlaminectomy syndrome,Spinal stenosis,Spinal stenosis of lumbar region,Degeneration of intervertebral disc,Back pain,Thoracic or lumbosacral neuritis or radiculitis, unspecified,Sciatica,Complications of cardiac/vascular device, implant, and graft		Disorders of lipoid metabolism,Hyperlipidemia	a1c_mean,troponini_mean,totchol_mean,mono_abs_mean,rbc_mean,ast_mean,iron_mean,neut_abs_mean,platelet_mean,neut_fra_mean,ferritin_mean,esr_mean,calcium_mg_mean,albumin_mean,lymph_fra_mean,mch_mean,trig_mean,glucose_mean,mcv_mean,bicarbonate_mean,ldlc_mean,baso_abs_mean,rdw_mean	trig_mean,mono_abs_mean,ldlc_mean,calcium_mg_mean,totchol_mean	ldlc_mean	CHRDL1,RP11-441A11.1	X	109887142	CHRDL1,RP11-441A11.1
X:140752682:T:C	afr	rs6636441	-0.006987	0.0900302	C	0.0415362	4.70385e-06	-0.00297525	0.777934	no	0.23952199999999998 (C)	0.7461220000000001 (C)	0.31377 (C)	1	0			Degeneration of intervertebral disc		rdw_mean		SPANXD,SPANXA2,SPANXA1,RP1-171K16.5,SPANXA2-OT1,LOC645188	X	140752682	SPANXD,SPANXA2,SPANXA1,RP1-171K16.5,SPANXA2-OT1,LOC645188
X:146427610:T:TAATA	eur	rs782438686	-0.0194787	3.19891e-07	TAATA	-0.000550637	0.947285	-0.0202149	0.0579601	no	0.367213 (TAATA)	0.661748 (TAATA)	0.36795700000000003 (TAATA)	0	0				sodium_bsp_mean,totalck_mean	rdw_mean			X	146427610	
X:153554142:A:C	his	rs73629199	0.0399793	0.206141	C	-0.0131367	0.094733	-0.129669	2.00159e-06	no	0.00645578 (C)	0.281045 (C)	0.0381274 (C)	1	1	Other hereditary hemolytic anemias	Diabetes mellitus,Type 2 diabetes,Type 2 diabetes with neurological manifestations,Abnormal glucose,Impaired fasting glucose,Other abnormal glucose,Disorders of carbohydrate transport and metabolism,Intestinal disaccharidase deficiencies and disaccharide malabsorption,Other disorders of carbohydrate transport and metabolism,Disorders of lipoid metabolism,Hyperlipidemia,Other deficiencies of circulating enzymes,Other deficiency anemia,Deficiency anemias,Hereditary hemolytic anemias,Other hereditary hemolytic anemias,Other anemias	Hereditary hemolytic anemias,Other hereditary hemolytic anemias	a1c_mean	a1c_mean,glucose_fs_mean,total_iron_mean,mchc_mean,mpv_mean,ferritin_mean,rbc_mean,tsat_mean,wbc_mean,potas_bsp_mean,neut_fra_mean,ldlc_mean,rdw_mean,iron_mean,hct_mean,albumin_mean,hemoglobin_mean,lymph_fra_mean,neut_abs_mean,mch_mean,mcv_mean	hct_mean,ferritin_mean,hemoglobin_mean,a1c_mean	DNASE1L1,TKTL1,TAZ,FLNA,RPL10,TEX28,EMD,OPN1MW2,TEX28P1,OPN1MW,SNORA70,XX-FW83128A1.2,CH17-340M24.3	X	153554142	DNASE1L1,TKTL1,TAZ,FLNA,RPL10,TEX28,EMD,OPN1MW2,TEX28P1,OPN1MW,SNORA70,XX-FW83128A1.2,CH17-340M24.3
